year,scenario,access_forecast,usage_forecast
2025,pessimistic,44.547368421052674,6.6199999999999815
2026,pessimistic,46.800000000000004,7.5699999999997996
2027,pessimistic,49.052631578947334,8.519999999999891
2025,base,55.68421052631584,11.033333333333303
2026,base,58.5,12.616666666666333
2027,base,61.31578947368416,14.199999999999818
2025,optimistic,64.0368421052632,15.446666666666623
2026,optimistic,67.27499999999999,17.663333333332865
2027,optimistic,70.51315789473678,19.879999999999743
