year,scenario,access_forecast,usage_forecast
2025,pessimistic,44.547368421052674,6.6199999999999815
2026,pessimistic,46.8,7.569999999999799
2027,pessimistic,49.05263157894733,8.519999999999891
